{
    "bottom_shell_layers": "5",
    "bottom_shell_thickness": "1",
    "bridge_acceleration": "1500",
    "bridge_speed": "30",
    "counterbore_hole_bridging": "partiallybridge",
    "default_acceleration": "7500",
    "detect_thin_wall": "1",
    "dont_filter_internal_bridges": "nofilter",
    "elefant_foot_compensation_layers": "3",
    "ensure_vertical_shell_thickness": "ensure_moderate",
    "extra_perimeters_on_overhangs": "1",
    "from": "User",
    "gap_infill_speed": "180",
    "infill_anchor": "10",
    "infill_jerk": "5",
    "inherits": "0.20mm Standard @Qidi XPlus4",
    "initial_layer_acceleration": "1500",
    "initial_layer_infill_speed": "100",
    "initial_layer_jerk": "5",
    "initial_layer_line_width": "140%",
    "initial_layer_min_bead_width": "104%",
    "inner_wall_acceleration": "3000",
    "inner_wall_jerk": "5",
    "inner_wall_line_width": "104%",
    "inner_wall_speed": "180",
    "internal_solid_infill_acceleration": "7500",
    "internal_solid_infill_line_width": "104%",
    "internal_solid_infill_speed": "240",
    "is_custom_defined": "0",
    "line_width": "104%",
    "min_bead_width": "75%",
    "min_length_factor": "0.6",
    "min_width_top_surface": "0",
    "name": "0.20mm - Speedy Quality - QDN040",
    "outer_wall_jerk": "5",
    "outer_wall_line_width": "104%",
    "outer_wall_speed": "180",
    "overhang_1_4_speed": "100%",
    "overhang_4_4_speed": "15",
    "print_settings_id": "0.20mm - Speedy Quality - QDN040",
    "raft_first_layer_expansion": "10",
    "reduce_crossing_wall": "1",
    "resolution": "0.007",
    "seam_gap": "9.5%",
    "slice_closing_radius": "0.029",
    "small_area_infill_flow_compensation": "1",
    "small_perimeter_speed": "180",
    "sparse_infill_acceleration": "7500",
    "sparse_infill_density": "10%",
    "sparse_infill_line_width": "104%",
    "sparse_infill_pattern": "zig-zag",
    "sparse_infill_speed": "240",
    "staggered_inner_seams": "1",
    "support_line_width": "104%",
    "support_on_build_plate_only": "1",
    "support_remove_small_overhang": "0",
    "support_type": "tree(auto)",
    "thick_internal_bridges": "0",
    "top_shell_layers": "7",
    "top_shell_thickness": "1.4",
    "top_surface_acceleration": "1500",
    "top_surface_jerk": "5",
    "top_surface_line_width": "80%",
    "top_surface_speed": "90",
    "travel_acceleration": "7500",
    "travel_jerk": "5",
    "travel_speed": "400",
    "version": "2.2.0.1",
    "wall_direction": "ccw",
    "wall_generator": "arachne",
    "wall_loops": "3",
    "wall_transition_angle": "25",
    "wipe_on_loops": "1",
    "xy_hole_compensation": "0.05"
}
