{
    "accel_to_decel_enable": "0",
    "bottom_shell_layers": "4",
    "bottom_shell_thickness": "1",
    "bottom_surface_pattern": "monotonicline",
    "bridge_flow": "0.96",
    "bridge_speed": "15",
    "brim_width": "6",
    "default_acceleration": "7000",
    "detect_thin_wall": "1",
    "elefant_foot_compensation_layers": "3",
    "enable_arc_fitting": "1",
    "ensure_vertical_shell_thickness": "ensure_moderate",
    "extra_perimeters_on_overhangs": "1",
    "filter_out_gap_fill": "0.5",
    "from": "User",
    "gap_infill_speed": "100",
    "infill_combination": "1",
    "infill_jerk": "8",
    "inherits": "0.20mm Standard @Qidi XPlus4",
    "initial_layer_jerk": "6",
    "initial_layer_print_height": "0.24",
    "initial_layer_speed": "80",
    "initial_layer_travel_speed": "100%",
    "inner_wall_jerk": "6",
    "inner_wall_speed": "140",
    "internal_bridge_flow": "0.9",
    "internal_bridge_speed": "150%",
    "internal_solid_infill_pattern": "monotonic",
    "internal_solid_infill_speed": "150",
    "is_custom_defined": "0",
    "min_bead_width": "75%",
    "min_length_factor": "0",
    "minimum_sparse_infill_area": "10",
    "name": "0.24mm - Quality - PCTG",
    "outer_wall_acceleration": "3500",
    "outer_wall_jerk": "6",
    "outer_wall_speed": "100",
    "overhang_1_4_speed": "75%",
    "overhang_2_4_speed": "50%",
    "overhang_3_4_speed": "33%",
    "overhang_4_4_speed": "15%",
    "print_settings_id": "0.24mm - Quality - PCTG",
    "skirt_speed": "0",
    "slow_down_layers": "2",
    "small_perimeter_speed": "66%",
    "small_perimeter_threshold": "5",
    "sparse_infill_density": "20%",
    "sparse_infill_pattern": "gyroid",
    "sparse_infill_speed": "175",
    "staggered_inner_seams": "1",
    "support_interface_pattern": "rectilinear",
    "support_on_build_plate_only": "1",
    "support_top_z_distance": "0.15",
    "top_bottom_infill_wall_overlap": "15%",
    "top_shell_layers": "7",
    "top_shell_thickness": "1.4",
    "top_surface_jerk": "6",
    "top_surface_speed": "100",
    "travel_acceleration": "7000",
    "travel_jerk": "8",
    "version": "2.2.0.1",
    "wall_direction": "ccw",
    "wall_generator": "arachne",
    "wall_loops": "4",
    "wall_sequence": "inner-outer-inner wall"
}
