{
    "default_filament_colour": [
        "#5E5C64"
    ],
    "fan_cooling_layer_time": [
        "20"
    ],
    "fan_max_speed": [
        "50"
    ],
    "fan_min_speed": [
        "20"
    ],
    "filament_density": [
        "1.23"
    ],
    "filament_deretraction_speed": [
        "10"
    ],
    "filament_flow_ratio": [
        "1.02"
    ],
    "filament_max_volumetric_speed": [
        "11"
    ],
    "filament_retract_before_wipe": [
        "100%"
    ],
    "filament_retract_when_changing_layer": [
        "0"
    ],
    "filament_retraction_length": [
        "1.5"
    ],
    "filament_retraction_minimum_travel": [
        "0.6"
    ],
    "filament_retraction_speed": [
        "40"
    ],
    "filament_settings_id": [
        "3D_Fuel_PCTG"
    ],
    "filament_type": [
        "PCTG"
    ],
    "filament_vendor": [
        "3D Fuel"
    ],
    "filament_wipe": [
        "0"
    ],
    "filament_wipe_distance": [
        "0"
    ],
    "filament_z_hop": [
        "0"
    ],
    "filament_z_hop_types": [
        "Normal Lift"
    ],
    "from": "User",
    "inherits": "Qidi Generic PETG @Qidi X-Plus 4 0.4 nozzle",
    "is_custom_defined": "0",
    "name": "3D_Fuel_PCTG",
    "nozzle_temperature": [
        "255"
    ],
    "nozzle_temperature_initial_layer": [
        "250"
    ],
    "nozzle_temperature_range_high": [
        "270"
    ],
    "nozzle_temperature_range_low": [
        "250"
    ],
    "overhang_fan_speed": [
        "60"
    ],
    "pressure_advance": [
        "0.068"
    ],
    "reduce_fan_stop_start_freq": [
        "0"
    ],
    "slow_down_layer_time": [
        "1"
    ],
    "support_material_interface_fan_speed": [
        "90"
    ],
    "temperature_vitrification": [
        "76"
    ],
    "version": "2.2.0.4"
}
