{
    "default_filament_colour": [
        "#33D17A"
    ],
    "filament_flow_ratio": [
        "0.935"
    ],
    "filament_max_volumetric_speed": [
        "8"
    ],
    "filament_settings_id": [
        "Eryone PLA Silk @Qidi X-Plus 4 0.4 nozzle"
    ],
    "filament_vendor": [
        "Eryone"
    ],
    "from": "User",
    "hot_plate_temp": [
        "65"
    ],
    "hot_plate_temp_initial_layer": [
        "65"
    ],
    "inherits": "Qidi Generic PLA Silk @Qidi X-Plus 4 0.4 nozzle",
    "is_custom_defined": "0",
    "name": "Eryone PLA Silk @Qidi X-Plus 4 0.4 nozzle",
    "nozzle_temperature": [
        "210"
    ],
    "nozzle_temperature_initial_layer": [
        "215"
    ],
    "pressure_advance": [
        "0.036"
    ],
    "version": "2.2.0.4"
}
