{
    "filament_flow_ratio": [
        "0.96"
    ],
    "filament_settings_id": [
        "Hatchbox PETG @Qidi X-Plus 4 0.4 nozzle"
    ],
    "from": "User",
    "hot_plate_temp": [
        "65"
    ],
    "hot_plate_temp_initial_layer": [
        "65"
    ],
    "inherits": "Qidi Generic PETG @Qidi X-Plus 4 0.4 nozzle",
    "is_custom_defined": "0",
    "name": "Hatchbox PETG @Qidi X-Plus 4 0.4 nozzle",
    "nozzle_temperature_initial_layer": [
        "255"
    ],
    "nozzle_temperature_range_low": [
        "230"
    ],
    "pressure_advance": [
        "0.06"
    ],
    "version": "2.2.0.4"
}
