{
    "fan_max_speed": [
        "0"
    ],
    "fan_min_speed": [
        "0"
    ],
    "filament_flow_ratio": [
        "0.97"
    ],
    "filament_retract_when_changing_layer": [
        "0"
    ],
    "filament_settings_id": [
        "My QIDI PA12-CF @Qidi X-Plus 4 0.4 nozzle"
    ],
    "filament_wipe": [
        "0"
    ],
    "from": "User",
    "hot_plate_temp": [
        "60"
    ],
    "hot_plate_temp_initial_layer": [
        "65"
    ],
    "inherits": "QIDI PA12-CF @Qidi X-Plus 4 0.4 nozzle",
    "is_custom_defined": "0",
    "name": "My QIDI PA12-CF @Qidi X-Plus 4 0.4 nozzle",
    "nozzle_temperature": [
        "285"
    ],
    "nozzle_temperature_initial_layer": [
        "285"
    ],
    "pressure_advance": [
        "0.04"
    ],
    "reduce_fan_stop_start_freq": [
        "0"
    ],
    "textured_plate_temp": [
        "70"
    ],
    "textured_plate_temp_initial_layer": [
        "80"
    ],
    "version": "2.2.0.4"
}
