{
    "default_filament_colour": [
        "#000000"
    ],
    "filament_flow_ratio": [
        "0.935"
    ],
    "filament_max_volumetric_speed": [
        "18"
    ],
    "filament_settings_id": [
        "OVERTURE PETG 50_speed @Qidi X-Plus 4 0.4 nozzle"
    ],
    "filament_vendor": [
        "OVERTURE"
    ],
    "from": "User",
    "inherits": "Qidi Generic PETG @Qidi X-Plus 4 0.4 nozzle",
    "is_custom_defined": "0",
    "name": "OVERTURE PETG 50_speed @Qidi X-Plus 4 0.4 nozzle",
    "nozzle_temperature_initial_layer": [
        "250"
    ],
    "pressure_advance": [
        "0.088"
    ],
    "slow_down_layer_time": [
        "1"
    ],
    "version": "2.2.0.4"
}
