{
    "filament_retract_when_changing_layer": [
        "0"
    ],
    "filament_settings_id": [
        "QIDI PA12-CF @Qidi X-Plus 4 0.4 nozzle - Copy"
    ],
    "filament_wipe": [
        "0"
    ],
    "from": "User",
    "inherits": "QIDI PA12-CF @Qidi X-Plus 4 0.4 nozzle",
    "is_custom_defined": "0",
    "name": "QIDI PA12-CF @Qidi X-Plus 4 0.4 nozzle - Copy",
    "nozzle_temperature": [
        "285"
    ],
    "nozzle_temperature_initial_layer": [
        "285"
    ],
    "version": "2.2.0.4"
}
