{
    "default_filament_colour": [
        "#3584E4"
    ],
    "filament_max_volumetric_speed": [
        "16.8"
    ],
    "filament_settings_id": [
        "Voxel PLA @Qidi X-Plus 4 0.4 nozzle"
    ],
    "filament_vendor": [
        "Voxel"
    ],
    "from": "User",
    "hot_plate_temp": [
        "65"
    ],
    "hot_plate_temp_initial_layer": [
        "65"
    ],
    "inherits": "Qidi Generic PLA @Qidi X-Plus 4 0.4 nozzle",
    "is_custom_defined": "0",
    "name": "Voxel PLA @Qidi X-Plus 4 0.4 nozzle",
    "nozzle_temperature": [
        "215"
    ],
    "nozzle_temperature_initial_layer": [
        "215"
    ],
    "nozzle_temperature_range_high": [
        "215"
    ],
    "pressure_advance": [
        "0.035"
    ],
    "version": "2.2.0.4"
}
